Booking ID,Train Number,Passenger Name,Age,Seat Number,Booking Status
4944,101,Bob Anderson,52,24,Confirmed
5068,105,Charlie Brown,68,22,Cancelled
1001,101,Jack Anderson,68,49,Cancelled
6240,105,Jack Thomas,64,6,Cancelled
3497,103,Diana Jackson,32,21,Cancelled
9090,104,Bob Harris,56,68,Cancelled
3097,103,Hank Martin,67,96,Cancelled
3138,102,Diana Martin,40,42,Confirmed
1213,101,Jack Harris,55,95,Confirmed
1747,102,Grace Thomas,62,67,Cancelled
6423,105,Frank Harris,29,28,Confirmed
8404,101,Grace Anderson,26,36,Confirmed
9573,105,Diana Martin,21,16,Confirmed
4301,101,Jack Smith,31,11,Cancelled
8035,104,Diana Johnson,43,8,Confirmed
2983,105,Jack Harris,45,84,Confirmed
4136,103,Ivy Harris,50,64,Cancelled
1521,102,Jack Thomas,21,100,Cancelled
2326,105,Bob Harris,20,94,Cancelled
7105,105,Jack Anderson,57,36,Cancelled
3710,102,Bob White,19,65,Confirmed
5136,101,Grace Thomas,69,11,Confirmed
6308,104,Charlie Smith,62,49,Cancelled
9231,103,Eve Taylor,25,76,Cancelled
6884,104,Frank Martin,54,11,Confirmed
2846,104,Bob Thomas,65,85,Confirmed
7439,103,Jack Thomas,58,52,Confirmed
6416,103,Diana Anderson,65,46,Cancelled
9036,102,Bob White,43,56,Cancelled
3188,101,Jack Anderson,64,10,Cancelled
8751,105,Hank Taylor,22,41,Cancelled
3854,101,Grace Anderson,23,77,Cancelled
4915,105,Diana Brown,67,5,Confirmed
9976,103,Diana Harris,31,70,Confirmed
6854,102,Alice Smith,49,4,Confirmed
5811,104,Charlie Taylor,59,12,Cancelled
9712,104,Diana Taylor,35,68,Confirmed
7912,105,Hank White,66,16,Confirmed
9582,103,Hank Thomas,58,62,Cancelled
5673,105,Grace Johnson,35,51,Confirmed
1195,101,Bob Thomas,29,91,Cancelled
7474,102,Frank Jackson,44,76,Confirmed
3565,101,Frank Jackson,26,73,Cancelled
7926,104,Bob Taylor,30,3,Cancelled
1178,104,Ivy Taylor,49,2,Confirmed
8379,105,Frank Martin,20,89,Cancelled
2624,101,Bob Jackson,31,3,Confirmed
5987,101,Frank Thomas,51,15,Cancelled
1228,101,Bob Martin,67,3,Cancelled
4677,102,Alice Martin,18,64,Cancelled
5874,102,Bob Smith,48,82,Confirmed
1059,103,Jack Thomas,47,37,Confirmed
8800,103,Hank Taylor,48,86,Cancelled
1667,102,Diana Taylor,28,11,Confirmed
6722,102,Jack Jackson,57,43,Cancelled
9220,101,Charlie White,48,55,Confirmed
1269,104,Charlie Smith,60,32,Cancelled
7943,104,Jack Johnson,69,80,Cancelled
9336,103,Bob Johnson,26,97,Cancelled
1205,105,Alice White,52,11,Cancelled
7545,105,Bob Jackson,19,95,Cancelled
8844,102,Jack Taylor,59,76,Cancelled
2473,104,Alice Brown,42,83,Cancelled
1380,104,Hank Martin,19,18,Cancelled
1734,101,Ivy Brown,64,31,Confirmed
3603,104,Charlie Anderson,22,30,Confirmed
4979,101,Bob Harris,54,89,Cancelled
5694,104,Bob Martin,50,84,Confirmed
8027,102,Grace Jackson,35,57,Cancelled
4424,105,Bob Smith,19,80,Cancelled
6924,101,Eve Brown,35,25,Confirmed
7195,105,Bob Thomas,68,94,Cancelled
1683,103,Hank Smith,34,61,Confirmed
7543,102,Hank Harris,67,52,Cancelled
7186,104,Frank White,66,1,Cancelled
9045,102,Jack Johnson,69,63,Cancelled
4622,103,Hank Jackson,25,82,Confirmed
9287,102,Hank Smith,53,5,Cancelled
2283,105,Ivy Harris,36,79,Confirmed
5132,104,Diana Anderson,67,1,Cancelled
7415,104,Alice Jackson,45,23,Cancelled
7166,101,Diana Johnson,39,9,Confirmed
4308,102,Charlie Jackson,25,52,Confirmed
4680,104,Grace Anderson,61,3,Cancelled
6103,103,Bob Harris,53,18,Confirmed
2113,104,Charlie Smith,39,37,Confirmed
3291,104,Grace White,60,74,Confirmed
4543,105,Bob Smith,20,72,Cancelled
4495,104,Ivy Taylor,58,86,Cancelled
8803,104,Charlie Thomas,47,17,Cancelled
3880,103,Diana Martin,63,41,Cancelled
7082,105,Charlie Anderson,48,30,Cancelled
9638,104,Ivy Brown,66,30,Confirmed
7787,102,Alice Jackson,28,60,Cancelled
3835,102,Frank Thomas,61,16,Confirmed
6560,101,Eve Johnson,50,20,Confirmed
5373,104,Jack Martin,63,69,Cancelled
3451,101,Diana Johnson,64,56,Confirmed
9053,101,Bob Smith,42,100,Cancelled
9774,103,Charlie Jackson,60,2,Cancelled
6159,105,Charlie Smith,21,54,Cancelled
9630,101,Ivy Taylor,54,5,Confirmed
6530,102,Charlie Johnson,65,80,Cancelled
7396,104,Eve Johnson,50,59,Confirmed
5667,105,Frank Harris,32,15,Cancelled
7255,105,Frank Harris,41,20,Cancelled
5430,104,Jack White,36,35,Confirmed
2821,101,Frank Harris,55,95,Cancelled
2271,104,Eve Johnson,24,98,Confirmed
8329,103,Alice Martin,29,67,Confirmed
1099,105,Diana Johnson,58,33,Cancelled
5959,104,Hank Jackson,47,25,Confirmed
9754,102,Grace Smith,60,95,Confirmed
4906,105,Ivy Harris,68,25,Confirmed
1237,101,Grace Johnson,59,28,Cancelled
1759,104,Alice Taylor,69,60,Cancelled
9925,105,Alice Anderson,69,89,Confirmed
3584,103,Jack Thomas,64,29,Cancelled
5159,105,Hank Smith,29,25,Confirmed
3466,101,Frank Harris,51,51,Confirmed
7515,104,Ivy Harris,58,80,Cancelled
3737,104,Bob Martin,58,19,Cancelled
8160,101,Hank Taylor,59,35,Cancelled
8788,102,Frank Thomas,42,2,Cancelled
4333,101,Alice Thomas,46,56,Cancelled
6656,105,Ivy Taylor,59,83,Cancelled
6993,102,Bob Martin,46,11,Confirmed
4162,104,Ivy Jackson,34,73,Confirmed
6926,102,Eve Johnson,51,17,Confirmed
7238,104,Hank Smith,62,16,Cancelled
5231,102,Hank Harris,64,61,Cancelled
2911,103,Eve Brown,45,74,Cancelled
9026,102,Charlie Jackson,68,25,Cancelled
7167,105,Hank Harris,59,12,Confirmed
7351,103,Bob Harris,41,85,Cancelled
8631,103,Hank White,46,68,Confirmed
9918,105,Ivy Johnson,59,65,Confirmed
1694,102,Eve Thomas,47,25,Cancelled
5810,103,Ivy Jackson,42,1,Confirmed
2128,103,Frank Martin,52,71,Confirmed
8203,105,Grace Thomas,32,9,Cancelled
8128,105,Alice Smith,18,9,Cancelled
4653,102,Charlie Brown,68,79,Confirmed
4668,103,Ivy Martin,64,59,Confirmed
1784,102,Diana Harris,19,6,Cancelled
2594,102,Diana Thomas,45,72,Cancelled
7364,105,Eve Anderson,25,47,Cancelled
1975,103,Jack Harris,64,41,Cancelled
9255,101,Grace Taylor,28,42,Cancelled
9154,104,Hank White,47,59,Cancelled
9720,105,Bob Martin,26,45,Confirmed
3069,103,Frank Martin,38,56,Confirmed
2227,101,Frank Jackson,46,7,Confirmed
3739,103,Frank Brown,70,48,Cancelled
3915,102,Diana Martin,41,75,Confirmed
2466,101,Charlie Brown,25,43,Cancelled
6903,101,Frank Martin,28,40,Confirmed
7576,105,Hank Brown,60,29,Confirmed
7775,102,Diana Jackson,33,1,Cancelled
5278,101,Charlie Harris,45,69,Cancelled
5799,102,Eve Taylor,38,73,Confirmed
2887,102,Charlie Anderson,51,3,Confirmed
5675,101,Diana Jackson,22,38,Cancelled
5885,103,Frank Martin,20,58,Cancelled
1054,103,Grace White,38,81,Confirmed
8613,102,Grace Martin,58,25,Cancelled
1612,102,Diana Johnson,58,19,Confirmed
5437,104,Grace Harris,57,77,Confirmed
4308,104,Diana Brown,37,70,Cancelled
9171,105,Diana Jackson,29,39,Confirmed
8648,103,Bob Johnson,55,31,Confirmed
6637,103,Eve Martin,50,88,Confirmed
8851,101,Alice Anderson,22,80,Confirmed
3511,104,Bob Taylor,50,8,Confirmed
7417,104,Charlie Johnson,51,15,Cancelled
4425,105,Bob Brown,28,66,Cancelled
8540,105,Alice Thomas,57,86,Confirmed
5283,105,Ivy Martin,66,4,Confirmed
1936,104,Bob Brown,46,87,Confirmed
5879,105,Charlie Anderson,63,70,Confirmed
4473,102,Frank Brown,62,60,Cancelled
2338,103,Frank Smith,41,43,Cancelled
1129,105,Charlie Martin,32,33,Confirmed
8255,102,Frank Johnson,48,18,Cancelled
1765,103,Alice Johnson,60,45,Confirmed
4225,105,Hank White,42,72,Confirmed
2904,102,Jack Thomas,63,80,Cancelled
7035,103,Bob White,18,38,Cancelled
9551,103,Bob Harris,54,31,Confirmed
5784,101,Frank Johnson,36,24,Cancelled
7332,101,Grace Brown,20,38,Confirmed
2421,103,Grace Smith,56,29,Confirmed
2395,103,Charlie Smith,30,24,Confirmed
7732,103,Frank Smith,60,19,Cancelled
7195,104,Grace Brown,52,68,Confirmed
6976,102,Ivy Brown,61,26,Confirmed
3117,101,Eve Taylor,25,11,Cancelled
8379,102,Ivy Jackson,56,13,Confirmed
9168,104,Charlie Taylor,36,25,Cancelled
4996,102,Grace Harris,70,24,Confirmed
5464,102,Ivy Anderson,67,46,Cancelled
5545,101,Hank Anderson,52,40,Cancelled
4808,101,Hank Smith,58,89,Cancelled
3541,103,Eve White,19,39,Cancelled
2025,102,Hank Martin,43,50,Cancelled
7341,103,Eve Brown,67,82,Confirmed
1641,105,Diana Thomas,18,87,Cancelled
8920,101,Grace Johnson,41,92,Confirmed
7525,105,Frank Jackson,54,69,Confirmed
9096,105,Alice Harris,35,13,Cancelled
3587,103,Ivy Johnson,51,45,Confirmed
8005,103,Frank Anderson,61,88,Cancelled
3735,103,Bob Brown,31,9,Cancelled
7165,101,Charlie White,25,77,Confirmed
4758,103,Hank Johnson,65,88,Cancelled
6052,104,Frank Jackson,50,8,Confirmed
6145,101,Grace Thomas,22,36,Cancelled
5467,105,Ivy White,69,38,Cancelled
9636,105,Grace White,44,69,Cancelled
4629,103,Diana Harris,48,98,Cancelled
5778,101,Hank Jackson,24,37,Cancelled
1878,104,Alice Taylor,41,18,Confirmed
5456,101,Frank Martin,63,24,Confirmed
2139,102,Diana Anderson,34,82,Cancelled
5519,103,Eve Johnson,66,23,Confirmed
9988,102,Bob Smith,55,24,Confirmed
1426,103,Alice Taylor,60,20,Confirmed
6828,104,Charlie Taylor,48,49,Cancelled
6314,104,Eve Johnson,56,65,Cancelled
7641,104,Alice Martin,33,28,Cancelled
8575,102,Grace White,59,87,Cancelled
7616,101,Bob Taylor,50,43,Confirmed
5230,103,Alice Jackson,47,21,Confirmed
8575,105,Charlie White,38,28,Cancelled
3852,104,Jack Brown,41,41,Confirmed
9283,102,Hank Brown,67,53,Confirmed
7281,104,Diana Brown,59,46,Confirmed
5464,103,Hank White,24,42,Cancelled
3555,101,Diana Martin,41,11,Cancelled
8681,102,Hank Taylor,70,81,Cancelled
5760,102,Diana Anderson,55,54,Cancelled
4974,105,Ivy Thomas,38,88,Cancelled
1526,104,Grace White,40,26,Confirmed
2113,104,Hank Martin,60,33,Confirmed
8953,101,Bob Brown,41,89,Cancelled
4054,103,Bob Anderson,22,100,Cancelled
2882,103,Alice Jackson,41,84,Confirmed
1374,104,Ivy Smith,19,46,Cancelled
6326,101,Frank Harris,70,83,Confirmed
9595,104,Grace Taylor,48,81,Confirmed
8930,104,Grace Anderson,62,58,Confirmed
7745,101,Frank White,51,49,Cancelled
4508,104,Diana Johnson,29,70,Confirmed
9029,103,Alice Thomas,38,66,Cancelled
9548,102,Frank Anderson,48,93,Confirmed
2746,105,Eve Martin,22,59,Cancelled
2924,103,Alice Brown,64,96,Confirmed
9345,105,Bob White,42,76,Cancelled
3641,103,Jack White,28,74,Confirmed
5031,101,Hank White,62,65,Cancelled
9440,105,Bob Johnson,57,80,Cancelled
8787,103,Grace Martin,35,25,Cancelled
5363,102,Jack Martin,53,10,Cancelled
1735,104,Frank Thomas,60,42,Confirmed
7225,103,Eve Anderson,65,53,Cancelled
6184,102,Charlie Anderson,55,7,Cancelled
1147,105,Alice Martin,25,76,Confirmed
2059,101,Eve Taylor,45,85,Cancelled
5891,102,Frank Brown,36,57,Confirmed
9477,101,Diana Taylor,55,92,Cancelled
2415,102,Frank White,31,94,Cancelled
1080,104,Bob Thomas,31,59,Cancelled
6381,104,Ivy Brown,41,54,Confirmed
2012,103,Ivy Anderson,41,69,Cancelled
6139,103,Ivy White,67,44,Cancelled
4023,104,Alice Smith,34,80,Confirmed
6417,101,Hank Johnson,69,69,Cancelled
8482,104,Grace White,38,47,Cancelled
5296,104,Charlie White,61,89,Confirmed
7793,104,Frank Johnson,31,14,Confirmed
5904,103,Ivy Martin,63,89,Confirmed
5857,102,Hank Brown,18,38,Cancelled
5405,105,Bob Harris,27,55,Cancelled
3734,105,Diana Taylor,48,73,Confirmed
2146,103,Bob Taylor,28,26,Confirmed
3675,103,Grace Taylor,46,85,Cancelled
4856,105,Charlie Taylor,40,59,Confirmed
4396,105,Diana Anderson,19,90,Confirmed
9688,104,Eve Johnson,38,9,Cancelled
6151,103,Charlie Smith,44,99,Confirmed
3035,101,Bob Jackson,57,84,Cancelled
3813,101,Charlie Jackson,30,53,Confirmed
1834,105,Grace Smith,44,58,Cancelled
3606,105,Eve Taylor,26,63,Confirmed
5291,104,Charlie Johnson,60,85,Cancelled
8010,104,Frank Thomas,50,25,Confirmed
6389,104,Alice Brown,29,18,Cancelled
8901,104,Charlie Brown,58,95,Cancelled
7186,102,Diana Brown,20,31,Confirmed
8198,101,Charlie Anderson,62,59,Confirmed
9689,105,Hank Johnson,22,20,Cancelled
5460,104,Jack Smith,69,7,Cancelled
6624,103,Grace Taylor,59,71,Confirmed
5067,101,Bob Martin,62,2,Cancelled
9310,101,Bob Thomas,49,32,Confirmed
7388,103,Jack Anderson,46,62,Cancelled
6057,101,Ivy Anderson,44,24,Confirmed
2345,102,Hank Smith,62,6,Confirmed
1494,101,Hank Brown,69,55,Confirmed
3592,103,Bob White,32,44,Confirmed
6841,102,Grace Jackson,65,26,Cancelled
1064,103,Charlie Smith,58,64,Confirmed
5021,103,Charlie Martin,33,3,Confirmed
2674,105,Grace Thomas,39,16,Confirmed
7876,102,Hank Brown,57,89,Confirmed
4325,105,Hank Martin,33,59,Cancelled
4910,103,Bob Martin,34,53,Confirmed
8266,102,Frank Johnson,19,94,Cancelled
2978,102,Jack Thomas,22,55,Confirmed
3287,103,Bob Anderson,27,8,Confirmed
3576,103,Ivy Johnson,54,7,Confirmed
7327,102,Alice Smith,49,93,Confirmed
7620,104,Grace Brown,70,53,Cancelled
9187,102,Bob White,18,55,Cancelled
3242,104,Jack Smith,34,38,Cancelled
1143,105,Charlie Thomas,49,56,Confirmed
5166,102,Bob Smith,43,24,Confirmed
9059,102,Grace Jackson,52,32,Cancelled
6306,103,Ivy White,45,2,Cancelled
2245,103,Eve Thomas,67,87,Confirmed
9216,102,Alice White,19,4,Confirmed
4472,104,Charlie Brown,24,47,Confirmed
3916,105,Frank Harris,25,49,Cancelled
3520,103,Diana Martin,38,68,Cancelled
5588,103,Eve Harris,45,61,Cancelled
5881,105,Eve Smith,61,23,Cancelled
9005,105,Hank Brown,65,48,Confirmed
7243,101,Bob Anderson,41,9,Confirmed
2510,105,Alice Anderson,65,31,Cancelled
4418,104,Ivy Taylor,51,86,Confirmed
8524,101,Bob Smith,22,5,Confirmed
8770,103,Jack Jackson,58,6,Confirmed
9843,103,Frank Brown,62,2,Cancelled
8404,102,Ivy Harris,39,4,Confirmed
9708,101,Frank Johnson,21,22,Cancelled
7478,103,Jack Jackson,51,90,Cancelled
9582,103,Alice Johnson,66,90,Cancelled
3129,101,Charlie Thomas,57,44,Confirmed
5747,103,Ivy Martin,46,70,Confirmed
4736,102,Frank Johnson,53,63,Confirmed
3630,101,Diana Jackson,24,29,Confirmed
9576,102,Hank White,34,40,Cancelled
4927,102,Charlie Harris,27,12,Cancelled
7484,101,Bob Taylor,51,100,Cancelled
6839,103,Diana Johnson,55,77,Cancelled
4267,104,Charlie Harris,62,93,Cancelled
1540,104,Ivy White,28,62,Confirmed
9066,105,Ivy White,46,32,Confirmed
7438,104,Hank Harris,55,19,Confirmed
9580,105,Charlie Brown,69,86,Cancelled
7747,104,Eve Smith,19,73,Confirmed
6558,103,Hank Harris,49,15,Confirmed
2776,105,Alice White,36,25,Cancelled
4644,101,Diana Harris,64,50,Cancelled
5243,105,Charlie Martin,57,6,Confirmed
1502,103,Ivy White,53,45,Cancelled
9084,103,Grace Brown,32,39,Confirmed
8543,101,Alice Brown,26,54,Cancelled
3006,102,Frank Smith,49,69,Confirmed
4219,102,Charlie Johnson,48,5,Cancelled
9724,102,Grace Brown,29,8,Confirmed
1610,104,Alice Martin,34,67,Confirmed
7618,102,Alice Brown,45,92,Confirmed
4089,102,Bob Thomas,61,75,Confirmed
7011,103,Charlie Thomas,26,27,Cancelled
2489,104,Grace Anderson,67,1,Cancelled
4377,101,Diana Johnson,19,65,Cancelled
1162,104,Grace Harris,51,90,Cancelled
4572,102,Hank Taylor,60,99,Confirmed
3897,102,Ivy White,58,46,Confirmed
8183,103,Frank Martin,42,82,Cancelled
1279,101,Grace Martin,51,89,Cancelled
5527,104,Ivy Martin,44,62,Confirmed
5068,102,Diana Brown,63,11,Confirmed
6159,102,Diana Anderson,26,67,Cancelled
3264,102,Ivy White,62,25,Confirmed
7477,101,Jack White,56,75,Confirmed
4367,103,Hank Jackson,68,86,Cancelled
7910,103,Jack White,57,55,Cancelled
2027,102,Bob Taylor,38,35,Cancelled
4657,101,Charlie White,37,95,Confirmed
1062,104,Charlie Brown,40,85,Cancelled
1894,101,Grace Brown,63,3,Cancelled
3994,103,Charlie Martin,24,68,Confirmed
7199,103,Grace Thomas,26,99,Cancelled
4173,104,Hank Martin,59,57,Cancelled
4018,104,Bob Martin,54,74,Confirmed
9923,101,Charlie Harris,64,39,Cancelled
8153,105,Alice Thomas,40,60,Confirmed
6457,101,Jack Jackson,44,94,Cancelled
6660,102,Jack Anderson,54,58,Cancelled
2053,103,Eve Johnson,21,82,Cancelled
3750,102,Charlie Taylor,41,58,Cancelled
8120,103,Jack Smith,60,38,Confirmed
7322,103,Eve Harris,59,91,Cancelled
2341,105,Ivy Martin,56,7,Cancelled
8888,103,Charlie Jackson,67,58,Confirmed
8197,105,Jack Harris,53,86,Cancelled
3812,105,Jack Martin,30,64,Cancelled
5936,104,Jack White,51,90,Cancelled
1069,104,Alice Thomas,46,79,Cancelled
1466,105,Alice White,62,76,Cancelled
1134,101,Eve Martin,65,71,Cancelled
4338,105,Ivy Johnson,62,52,Confirmed
8670,103,Ivy Anderson,43,30,Confirmed
7506,105,Charlie Jackson,50,54,Confirmed
4165,101,Charlie White,68,50,Confirmed
1237,103,Eve Taylor,49,77,Confirmed
3230,103,Diana Brown,51,37,Confirmed
9394,104,Ivy Martin,49,34,Confirmed
7829,101,Frank Anderson,68,43,Cancelled
4694,102,Grace Thomas,65,37,Cancelled
8263,102,Diana Anderson,22,77,Cancelled
6795,101,Jack Smith,61,73,Cancelled
2732,101,Bob Harris,51,54,Cancelled
7750,101,Alice Martin,65,72,Cancelled
1328,103,Bob Johnson,64,96,Confirmed
3565,103,Grace Martin,37,96,Confirmed
6407,102,Charlie Anderson,67,45,Cancelled
9603,103,Hank Anderson,19,60,Confirmed
9860,104,Grace Martin,41,18,Cancelled
5069,103,Bob Smith,56,79,Cancelled
2764,104,Diana White,57,23,Confirmed
7277,105,Hank Martin,54,9,Cancelled
4118,105,Bob Taylor,54,50,Confirmed
3810,104,Diana Brown,28,80,Cancelled
6044,103,Jack White,24,50,Cancelled
6699,104,Alice White,63,51,Confirmed
4492,103,Frank Taylor,30,10,Cancelled
8299,103,Eve White,27,94,Confirmed
1834,103,Eve Thomas,35,42,Confirmed
9362,104,Eve White,58,64,Confirmed
7952,104,Alice Anderson,46,46,Cancelled
8801,102,Frank Harris,65,88,Cancelled
2116,104,Charlie Harris,29,98,Confirmed
1907,102,Grace Brown,43,52,Cancelled
2624,105,Diana Martin,37,33,Cancelled
7808,103,Jack Smith,30,61,Confirmed
3061,105,Alice Anderson,30,76,Confirmed
7497,104,Diana Brown,62,54,Cancelled
5314,105,Grace Brown,35,18,Cancelled
5532,101,Frank Taylor,66,82,Confirmed
2862,103,Frank Martin,32,6,Cancelled
6368,101,Grace Anderson,34,92,Confirmed
2924,101,Bob Anderson,47,83,Confirmed
8911,105,Eve Thomas,35,51,Confirmed
4982,105,Ivy White,41,17,Confirmed
3555,102,Diana Jackson,62,46,Cancelled
2320,104,Hank Thomas,21,66,Cancelled
3793,104,Diana Brown,18,75,Cancelled
6518,105,Hank Martin,43,19,Cancelled
1000,101,Grace Martin,62,98,Cancelled
1705,102,Grace White,68,17,Cancelled
8056,103,Eve Jackson,69,1,Cancelled
7812,101,Ivy Taylor,58,66,Confirmed
6766,101,Frank Johnson,22,45,Cancelled
6340,105,Hank Martin,69,82,Cancelled
7642,101,Ivy Anderson,63,93,Cancelled
2986,105,Charlie Martin,59,1,Cancelled
3346,102,Alice Taylor,32,47,Cancelled
6326,105,Alice Harris,35,34,Confirmed
5167,103,Frank Brown,39,56,Confirmed
7490,105,Frank Martin,40,67,Confirmed
3574,104,Jack Smith,37,41,Confirmed
1827,105,Diana Jackson,27,2,Cancelled
1907,101,Frank Harris,61,66,Confirmed
1341,101,Diana Brown,64,41,Confirmed
8469,103,Diana White,53,34,Cancelled
4596,105,Jack Anderson,39,35,Confirmed
1612,102,Frank Martin,46,49,Confirmed
8269,102,Frank Harris,57,98,Cancelled
8158,104,Frank Martin,40,46,Confirmed
2050,101,Jack Thomas,32,3,Cancelled
6393,103,Hank Johnson,25,66,Cancelled
1829,101,Charlie Anderson,29,17,Confirmed
3349,103,Jack Jackson,56,54,Cancelled
9169,103,Grace Taylor,51,13,Confirmed
2248,101,Alice White,22,43,Confirmed
1447,101,Hank Brown,33,67,Confirmed
6616,105,Charlie White,50,12,Cancelled
7890,103,Eve Martin,32,67,Cancelled
5921,102,Jack Anderson,38,65,Cancelled
9037,105,Charlie White,32,91,Cancelled
4010,103,Diana Thomas,31,43,Cancelled
6532,101,Hank Smith,21,7,Confirmed
3083,105,Bob Johnson,28,100,Cancelled
6481,105,Alice White,57,36,Cancelled
6218,102,Jack Brown,54,40,Cancelled
1021,103,Jack Anderson,64,79,Cancelled
4295,105,Jack Johnson,26,81,Cancelled
1544,104,Alice Brown,52,48,Cancelled
1333,105,Ivy Johnson,48,89,Cancelled
8047,101,Charlie White,53,51,Confirmed
3318,103,Bob Taylor,29,39,Confirmed
3562,102,Charlie Johnson,41,52,Cancelled
1196,105,Grace Martin,41,75,Confirmed
5478,105,Charlie Taylor,35,37,Confirmed
3410,102,Hank Harris,57,48,Confirmed
7469,102,Frank Martin,43,11,Confirmed
7708,104,Grace Jackson,37,60,Confirmed
5872,101,Hank Martin,21,73,Confirmed
4065,103,Alice Johnson,27,90,Confirmed
7305,104,Hank Smith,26,97,Confirmed
7442,103,Frank Thomas,63,25,Confirmed
9304,101,Ivy Martin,23,57,Cancelled
8240,104,Jack Brown,62,32,Cancelled
9679,101,Bob Johnson,21,30,Cancelled
6727,103,Frank Brown,36,63,Confirmed
2327,101,Charlie Brown,68,96,Confirmed
7677,105,Hank White,28,25,Confirmed
4482,103,Frank Anderson,51,84,Confirmed
3465,105,Alice Harris,27,65,Confirmed
1048,102,Alice Smith,57,65,Cancelled
4954,102,Ivy Anderson,65,39,Cancelled
7594,104,Charlie Martin,70,69,Cancelled
9493,102,Bob Jackson,20,63,Cancelled
6727,101,Ivy Thomas,52,49,Cancelled
9212,101,Bob Martin,50,61,Confirmed
9150,105,Eve Thomas,26,23,Confirmed
6111,103,Eve White,46,14,Confirmed
7156,103,Charlie Smith,48,61,Confirmed
9055,103,Hank Jackson,51,46,Cancelled
5419,101,Jack Brown,33,26,Confirmed
5409,104,Charlie Taylor,39,21,Cancelled
4803,103,Diana Johnson,36,69,Cancelled
1089,105,Eve Jackson,67,40,Confirmed
4264,103,Ivy Smith,69,25,Cancelled
4801,104,Frank Taylor,70,95,Confirmed
5016,103,Frank Martin,25,54,Confirmed
6852,104,Bob Anderson,22,77,Cancelled
2146,101,Alice Johnson,24,89,Cancelled
7430,102,Jack Johnson,64,75,Confirmed
7082,105,Frank Smith,59,16,Cancelled
8631,102,Diana Taylor,24,71,Confirmed
4467,102,Bob Taylor,61,96,Confirmed
6232,103,Grace Jackson,70,39,Confirmed
8169,104,Frank Thomas,46,25,Cancelled
7865,103,Bob Thomas,59,29,Confirmed
8011,105,Alice Jackson,30,9,Cancelled
5698,102,Diana Johnson,28,3,Confirmed
8425,104,Ivy Jackson,63,13,Confirmed
4035,101,Bob Johnson,34,24,Cancelled
1012,105,Frank Jackson,31,54,Confirmed
8950,102,Eve White,56,91,Cancelled
8141,102,Ivy Brown,32,94,Cancelled
8908,104,Hank Harris,63,15,Confirmed
4225,101,Alice Thomas,62,100,Cancelled
1227,105,Ivy Anderson,46,17,Cancelled
2351,105,Frank White,42,78,Confirmed
2259,102,Eve Brown,70,35,Cancelled
1232,103,Eve Martin,67,80,Cancelled
5908,104,Diana Smith,66,17,Confirmed
3609,104,Bob Taylor,38,94,Confirmed
8010,104,Eve Jackson,21,35,Cancelled
4836,101,Diana Martin,54,97,Confirmed
9661,101,Ivy Martin,35,12,Cancelled
1146,105,Jack Taylor,31,62,Confirmed
4276,105,Alice Anderson,30,20,Confirmed
9273,101,Jack Brown,39,9,Cancelled
3753,102,Hank Brown,46,49,Cancelled
6655,102,Diana Martin,41,97,Confirmed
2828,102,Jack Harris,27,46,Confirmed
2986,103,Hank Brown,22,17,Confirmed
8646,104,Eve Brown,50,39,Confirmed
2283,102,Eve Martin,69,72,Confirmed
2659,103,Charlie Smith,65,10,Confirmed
2994,104,Hank Brown,44,93,Confirmed
2796,105,Charlie Anderson,58,6,Cancelled
6571,102,Ivy Johnson,29,14,Cancelled
6115,103,Ivy Anderson,49,37,Cancelled
2854,102,Alice Brown,30,98,Confirmed
8337,102,Diana Smith,39,68,Confirmed
7255,105,Grace Johnson,46,81,Confirmed
5408,103,Ivy Martin,26,12,Confirmed
7444,105,Ivy Brown,29,47,Confirmed
4509,105,Charlie Johnson,52,78,Confirmed
1842,103,Alice Brown,19,40,Cancelled
7315,105,Alice Smith,33,58,Cancelled
5594,102,Charlie Martin,18,31,Confirmed
6199,101,Jack Smith,38,66,Confirmed
6261,105,Charlie Smith,51,85,Cancelled
2786,105,Diana Jackson,56,77,Confirmed
9442,104,Jack White,57,31,Cancelled
4070,105,Frank Johnson,32,6,Cancelled
3608,103,Jack Harris,31,24,Cancelled
8766,103,Hank Anderson,52,13,Cancelled
6654,102,Bob Smith,25,65,Cancelled
1707,105,Eve Thomas,56,58,Cancelled
4998,105,Alice White,32,63,Confirmed
4084,102,Hank Anderson,64,72,Confirmed
9533,101,Eve Smith,22,47,Confirmed
3264,105,Grace Harris,69,45,Cancelled
8588,102,Eve Harris,70,20,Confirmed
6037,105,Hank White,42,24,Confirmed
8423,101,Charlie White,59,73,Confirmed
5642,105,Eve Smith,53,95,Cancelled
8740,103,Grace Brown,41,98,Cancelled
3920,104,Charlie Thomas,61,6,Cancelled
3875,101,Bob Smith,40,45,Cancelled
1863,102,Bob Anderson,26,80,Cancelled
7004,105,Charlie Martin,22,89,Cancelled
1485,104,Eve Taylor,26,45,Confirmed
8714,103,Diana Anderson,23,18,Cancelled
5502,104,Grace Brown,54,28,Cancelled
2245,104,Eve Anderson,39,18,Cancelled
1749,104,Diana Taylor,40,79,Confirmed
4296,102,Jack Martin,69,37,Confirmed
3593,105,Grace Anderson,43,23,Cancelled
2887,104,Charlie Taylor,60,24,Confirmed
6989,105,Frank Jackson,39,99,Cancelled
6690,101,Alice Thomas,63,36,Confirmed
9201,103,Jack Martin,49,31,Cancelled
3286,102,Charlie Thomas,37,11,Cancelled
7582,101,Charlie Taylor,18,28,Confirmed
7187,101,Charlie Martin,52,94,Cancelled
8731,102,Ivy Martin,48,46,Confirmed
7271,105,Grace Smith,19,41,Cancelled
1539,102,Grace Smith,68,48,Cancelled
8688,101,Charlie Brown,54,24,Confirmed
1523,104,Charlie Taylor,27,74,Cancelled
4277,104,Eve Brown,23,9,Cancelled
1568,105,Charlie Smith,28,67,Cancelled
3429,103,Frank Johnson,36,92,Confirmed
7820,102,Frank Taylor,65,71,Confirmed
6065,101,Eve Martin,19,11,Cancelled
8933,103,Frank Brown,64,27,Cancelled
3866,101,Jack Jackson,68,42,Cancelled
5157,101,Ivy Jackson,23,99,Cancelled
6854,104,Ivy White,70,50,Confirmed
7640,104,Eve Brown,36,81,Cancelled
6452,104,Alice Jackson,21,91,Confirmed
8045,105,Bob Taylor,31,77,Confirmed
7845,103,Charlie Anderson,65,33,Confirmed
5210,102,Alice Harris,56,38,Cancelled
1192,103,Hank Harris,69,79,Cancelled
1417,102,Charlie Taylor,44,18,Confirmed
6617,105,Bob Martin,38,64,Cancelled
8509,102,Alice Smith,62,69,Confirmed
3503,104,Diana Harris,21,63,Confirmed
5573,101,Alice Martin,31,100,Confirmed
2695,101,Frank Johnson,42,19,Cancelled
5542,105,Diana Johnson,38,76,Confirmed
2453,102,Charlie Brown,66,31,Confirmed
7723,104,Alice White,60,58,Confirmed
1986,104,Ivy Jackson,53,30,Confirmed
2381,101,Bob Brown,52,87,Cancelled
7794,104,Eve Anderson,66,8,Cancelled
4088,103,Eve Martin,69,24,Cancelled
3775,103,Ivy Harris,41,59,Confirmed
2657,102,Bob Martin,20,44,Cancelled
4398,102,Bob Johnson,18,30,Cancelled
4112,103,Diana Martin,65,61,Confirmed
4250,102,Hank Martin,68,62,Cancelled
7950,101,Bob Johnson,21,56,Confirmed
7544,102,Alice Smith,68,3,Confirmed
6341,102,Frank Smith,61,11,Cancelled
2372,103,Hank Johnson,45,51,Confirmed
9660,102,Bob Martin,65,18,Cancelled
2593,104,Bob Smith,29,68,Confirmed
7570,102,Eve Brown,22,4,Cancelled
6372,103,Hank White,45,24,Confirmed
6832,104,Hank Brown,69,82,Cancelled
9769,104,Bob Taylor,35,88,Cancelled
5419,105,Eve Johnson,44,52,Cancelled
8922,105,Alice Jackson,41,91,Confirmed
5263,105,Frank Jackson,50,76,Confirmed
8110,104,Grace Jackson,46,97,Cancelled
9073,103,Diana Anderson,27,62,Confirmed
4947,102,Eve White,49,70,Cancelled
6257,102,Jack Smith,19,23,Cancelled
7149,101,Grace Smith,40,57,Cancelled
6916,102,Charlie Johnson,40,27,Confirmed
4512,103,Hank Taylor,20,80,Confirmed
3798,101,Frank Jackson,68,8,Confirmed
3792,101,Diana Martin,43,82,Cancelled
9268,103,Jack Thomas,36,99,Cancelled
1813,102,Charlie Anderson,48,79,Cancelled
4518,102,Ivy Brown,45,14,Confirmed
3389,104,Ivy Jackson,22,15,Cancelled
7436,104,Grace Anderson,59,90,Confirmed
7862,103,Grace Harris,44,52,Cancelled
1974,105,Alice Brown,51,67,Cancelled
4070,105,Diana Thomas,38,52,Confirmed
5770,104,Hank Thomas,41,20,Cancelled
3227,103,Alice Johnson,34,36,Cancelled
9011,105,Charlie Jackson,46,86,Confirmed
4189,104,Ivy Jackson,24,62,Cancelled
5937,101,Ivy Thomas,33,59,Cancelled
8642,104,Eve Brown,67,7,Cancelled
4590,101,Frank Thomas,33,3,Cancelled
9120,105,Jack Brown,35,42,Cancelled
8509,104,Bob Jackson,32,71,Confirmed
1152,105,Grace White,66,11,Cancelled
9003,103,Charlie Harris,23,44,Confirmed
5018,101,Diana Anderson,57,88,Confirmed
3526,102,Bob Smith,33,26,Confirmed
5851,103,Alice Brown,37,99,Confirmed
4637,101,Hank Martin,43,59,Cancelled
6181,101,Hank White,31,100,Confirmed
3808,105,Jack Thomas,67,13,Cancelled
9626,102,Ivy Taylor,41,58,Confirmed
8682,103,Ivy Johnson,38,45,Cancelled
5627,104,Bob Martin,67,15,Confirmed
8751,105,Bob Jackson,39,5,Cancelled
8467,105,Bob White,67,58,Confirmed
5556,104,Frank Taylor,46,32,Confirmed
4506,103,Grace Anderson,42,22,Cancelled
5726,105,Frank Harris,32,92,Cancelled
8836,105,Eve Taylor,62,34,Cancelled
7593,105,Frank Harris,51,53,Confirmed
7063,104,Bob Anderson,31,17,Cancelled
1308,101,Grace Harris,61,87,Confirmed
4284,102,Frank Harris,18,45,Confirmed
6812,101,Grace Jackson,68,50,Cancelled
7771,104,Eve Harris,38,30,Cancelled
4302,101,Grace Taylor,52,59,Cancelled
5891,102,Alice Thomas,51,15,Confirmed
9309,102,Jack Brown,35,14,Cancelled
3939,104,Ivy Martin,46,69,Cancelled
1427,101,Eve White,56,39,Cancelled
2563,102,Charlie Taylor,45,2,Cancelled
9976,101,Frank Jackson,43,7,Confirmed
8506,101,Bob Jackson,49,21,Confirmed
5219,104,Charlie Martin,23,14,Cancelled
8827,105,Frank White,54,59,Cancelled
4278,101,Diana Brown,28,36,Confirmed
4301,104,Bob Johnson,23,65,Cancelled
5905,105,Diana Anderson,35,69,Cancelled
1447,101,Diana Brown,40,37,Confirmed
4315,102,Frank Johnson,45,70,Cancelled
6351,102,Alice White,31,50,Confirmed
7602,105,Diana Anderson,44,92,Confirmed
9048,103,Frank Martin,36,6,Cancelled
8253,103,Frank Harris,61,34,Cancelled
9127,101,Ivy White,52,12,Cancelled
3488,102,Hank White,22,34,Cancelled
1551,102,Frank Martin,42,40,Cancelled
4828,101,Bob White,34,90,Confirmed
9716,101,Diana Martin,35,14,Cancelled
7709,101,Hank Taylor,33,4,Confirmed
5592,105,Alice Jackson,64,75,Confirmed
8190,103,Ivy Harris,20,69,Confirmed
8324,102,Alice Johnson,34,95,Cancelled
6674,101,Jack Smith,46,11,Confirmed
8606,103,Diana Taylor,30,37,Confirmed
4026,101,Hank Harris,66,29,Cancelled
8692,102,Alice Taylor,64,59,Cancelled
2714,104,Diana Brown,32,75,Confirmed
9260,102,Bob Smith,45,4,Cancelled
4891,102,Hank Martin,40,80,Cancelled
1103,101,Frank Smith,59,90,Cancelled
5836,101,Eve Harris,36,28,Confirmed
2585,101,Alice Jackson,34,1,Cancelled
8851,102,Jack Johnson,59,19,Cancelled
4635,103,Hank Jackson,68,16,Cancelled
2763,105,Hank Harris,22,18,Confirmed
1322,103,Alice Harris,47,17,Cancelled
5946,104,Diana Jackson,40,23,Confirmed
6806,102,Frank Jackson,57,97,Cancelled
6064,103,Grace Taylor,46,53,Cancelled
9044,103,Ivy Smith,55,52,Cancelled
6130,102,Alice Taylor,57,30,Confirmed
5188,104,Hank Johnson,21,11,Cancelled
9048,105,Alice Harris,25,30,Cancelled
7661,102,Diana Harris,27,18,Cancelled
5444,104,Grace Johnson,59,52,Cancelled
9819,102,Ivy Taylor,67,46,Cancelled
2669,103,Ivy Harris,20,2,Cancelled
6018,105,Ivy Johnson,28,27,Confirmed
1008,101,Bob Johnson,57,68,Cancelled
6978,101,Hank Taylor,22,1,Confirmed
9070,104,Jack Harris,24,44,Confirmed
1053,103,Alice Martin,25,89,Cancelled
5075,103,Ivy Taylor,40,77,Cancelled
3681,103,Alice Taylor,27,63,Confirmed
8881,102,Bob Smith,29,93,Cancelled
5811,104,Hank Anderson,47,21,Cancelled
4893,104,Bob Harris,33,99,Confirmed
7203,103,Diana Johnson,40,53,Confirmed
5566,102,Jack Harris,18,7,Cancelled
5346,104,Charlie Johnson,24,1,Confirmed
9175,103,Alice Johnson,37,73,Cancelled
6290,103,Alice Harris,22,59,Confirmed
8335,105,Diana Johnson,18,70,Confirmed
7701,101,Jack White,47,30,Cancelled
3248,103,Ivy Brown,39,93,Confirmed
5907,103,Grace Martin,48,7,Cancelled
6207,103,Frank Anderson,42,64,Cancelled
3009,101,Ivy Johnson,49,40,Cancelled
4929,103,Charlie Brown,50,99,Confirmed
9782,103,Alice Thomas,50,24,Confirmed
6951,102,Ivy White,45,72,Confirmed
2155,103,Alice Johnson,20,9,Confirmed
9775,102,Diana Smith,49,19,Cancelled
2785,101,Jack Martin,47,64,Confirmed
3004,102,Jack Anderson,24,11,Cancelled
6706,104,Charlie Johnson,32,5,Confirmed
2761,102,Alice Brown,24,89,Confirmed
6812,101,Frank Taylor,62,26,Confirmed
2207,102,Hank Jackson,50,63,Confirmed
3250,103,Bob Smith,63,86,Confirmed
1040,105,Bob Taylor,70,65,Cancelled
4818,105,Hank Smith,37,44,Confirmed
9752,101,Frank Taylor,24,81,Cancelled
9775,105,Jack Anderson,64,81,Confirmed
8744,101,Charlie Johnson,51,9,Confirmed
2121,102,Jack Taylor,27,12,Confirmed
5949,101,Eve Taylor,62,8,Confirmed
7401,101,Jack Johnson,52,54,Cancelled
2458,103,Frank Brown,45,11,Confirmed
1762,101,Jack Brown,47,47,Cancelled
1688,101,Ivy White,25,1,Cancelled
3596,103,Hank Taylor,70,61,Cancelled
4472,102,Diana Jackson,54,25,Cancelled
2375,102,Frank White,58,86,Cancelled
1187,104,Diana Harris,36,90,Cancelled
7988,101,Ivy Jackson,54,73,Confirmed
6392,101,Hank Brown,25,18,Cancelled
6601,102,Ivy White,31,80,Confirmed
9419,105,Frank Thomas,34,55,Confirmed
8052,101,Hank White,42,69,Cancelled
7740,105,Diana White,59,12,Cancelled
8150,101,Diana Martin,23,15,Confirmed
2199,104,Ivy Smith,67,67,Confirmed
3683,101,Alice Smith,38,24,Confirmed
4709,104,Charlie Anderson,32,9,Cancelled
7716,102,Diana Thomas,45,74,Cancelled
9099,102,Ivy Taylor,49,47,Cancelled
9207,101,Grace Martin,43,60,Confirmed
3909,105,Alice Smith,21,68,Confirmed
5046,102,Diana Martin,48,59,Cancelled
5720,101,Bob Smith,21,99,Cancelled
5820,103,Eve Johnson,54,57,Confirmed
2468,103,Diana Jackson,18,77,Confirmed
9747,101,Grace Jackson,29,76,Cancelled
9685,104,Bob Thomas,66,53,Cancelled
6948,101,Grace Johnson,67,42,Confirmed
7782,104,Jack Taylor,25,87,Cancelled
9074,104,Bob White,37,54,Confirmed
1986,102,Bob Anderson,45,46,Cancelled
4376,105,Jack Brown,41,69,Cancelled
7279,104,Charlie Smith,21,20,Confirmed
4068,101,Ivy Jackson,67,88,Cancelled
7847,101,Diana Brown,20,79,Confirmed
8609,101,Frank Johnson,52,44,Cancelled
3045,105,Eve Martin,59,52,Confirmed
5495,105,Ivy Jackson,41,34,Confirmed
1417,105,Bob Brown,61,80,Confirmed
8238,104,Alice Jackson,56,41,Confirmed
6365,101,Ivy Harris,27,48,Cancelled
8869,104,Alice White,36,56,Confirmed
7317,102,Diana White,35,5,Confirmed
6317,101,Ivy Taylor,41,49,Confirmed
8608,102,Hank White,35,67,Confirmed
7513,105,Diana Taylor,29,50,Confirmed
5878,101,Charlie Brown,52,70,Confirmed
4540,103,Frank Jackson,55,97,Cancelled
2084,103,Eve Harris,57,83,Cancelled
3962,103,Diana Smith,43,27,Cancelled
6289,103,Hank Jackson,50,80,Confirmed
8213,101,Alice Jackson,47,7,Cancelled
3515,103,Alice Brown,43,67,Cancelled
2355,105,Bob Anderson,34,68,Cancelled
1955,103,Bob Smith,24,68,Cancelled
7438,105,Frank Smith,51,27,Confirmed
6962,103,Ivy Harris,47,34,Cancelled
3934,102,Diana Smith,21,70,Confirmed
5545,103,Eve Smith,52,53,Confirmed
8201,104,Alice Brown,33,15,Confirmed
1796,102,Bob Anderson,65,84,Cancelled
9151,101,Grace White,26,73,Cancelled
4044,105,Eve Brown,40,88,Confirmed
6894,103,Frank Brown,21,24,Confirmed
4796,102,Eve Taylor,33,61,Cancelled
6737,103,Hank Brown,40,50,Cancelled
2651,101,Jack Anderson,31,1,Confirmed
8170,103,Jack Thomas,62,41,Cancelled
9052,103,Hank White,61,39,Confirmed
9619,105,Ivy Jackson,64,6,Confirmed
2250,103,Frank Johnson,32,94,Cancelled
9495,101,Hank Martin,22,58,Confirmed
1722,103,Ivy Thomas,35,97,Confirmed
6167,101,Alice Thomas,48,82,Cancelled
3857,103,Frank Martin,18,29,Confirmed
9575,102,Jack Anderson,28,96,Confirmed
6542,101,Ivy White,63,4,Cancelled
3884,105,Hank Taylor,64,18,Confirmed
6834,105,Jack Harris,18,19,Confirmed
9550,103,Ivy Jackson,39,53,Cancelled
2220,101,Diana Jackson,25,18,Cancelled
7730,102,Bob Smith,34,53,Cancelled
3985,101,Frank Anderson,28,10,Confirmed
8153,103,Ivy Taylor,52,55,Cancelled
4073,101,Charlie White,33,19,Confirmed
3496,102,Alice Jackson,46,46,Cancelled
9934,104,Bob Anderson,43,30,Confirmed
4404,101,Frank Johnson,39,58,Cancelled
6854,103,Eve Thomas,70,19,Confirmed
2213,105,Grace Jackson,33,93,Confirmed
3854,101,Grace Smith,67,98,Cancelled
9977,102,Bob Anderson,57,8,Confirmed
6841,104,Jack Smith,43,62,Cancelled
4911,103,Ivy Johnson,39,21,Confirmed
7802,102,Bob Martin,27,73,Cancelled
5227,101,Frank White,52,21,Confirmed
5062,103,Hank White,67,27,Confirmed
2615,105,Hank White,54,54,Confirmed
4718,105,Alice Johnson,46,64,Confirmed
8168,102,Charlie Smith,32,13,Cancelled
5325,103,Charlie White,59,82,Confirmed
5981,101,Charlie Johnson,27,61,Cancelled
6357,103,Alice Jackson,63,45,Cancelled
1148,104,Alice Harris,23,45,Confirmed
5795,102,Bob Thomas,66,68,Confirmed
1579,104,Alice Taylor,35,84,Cancelled
4721,105,Hank Thomas,60,77,Cancelled
5504,101,Diana Jackson,63,65,Confirmed
4268,105,Frank Taylor,43,61,Confirmed
8317,104,Ivy Martin,53,31,Cancelled
3512,105,Bob Anderson,47,22,Cancelled
1361,101,Alice Thomas,28,50,Confirmed
6592,105,Frank Johnson,54,8,Confirmed
4597,105,Ivy Anderson,57,38,Confirmed
4066,101,Diana Smith,31,64,Confirmed
5732,101,Alice Martin,62,18,Confirmed
5098,102,Alice Jackson,22,75,Cancelled
2887,101,Jack White,40,22,Cancelled
6244,103,Charlie Johnson,42,20,Confirmed
6257,104,Alice Brown,64,20,Cancelled
7640,103,Eve Brown,56,33,Confirmed
7562,101,Frank Harris,46,100,Cancelled
9594,102,Hank Martin,51,74,Cancelled
9654,105,Diana Anderson,46,32,Confirmed
3474,104,Charlie Martin,19,25,Confirmed
6311,101,Charlie Thomas,19,72,Confirmed
1343,101,Charlie Brown,68,18,Confirmed
4609,102,Grace Martin,18,95,Cancelled
6704,101,Bob White,36,17,Cancelled
9126,104,Grace White,35,84,Cancelled
5972,105,Eve Harris,55,32,Confirmed
6410,102,Bob Taylor,33,36,Confirmed
8450,103,Bob Jackson,40,92,Cancelled
2284,103,Frank Brown,28,66,Confirmed
7699,101,Alice Brown,18,87,Cancelled
8637,105,Grace Harris,56,25,Cancelled
6865,105,Jack Taylor,19,49,Confirmed
4516,104,Alice Brown,27,6,Confirmed
7356,103,Frank White,59,47,Cancelled
7248,101,Eve Martin,63,89,Confirmed
9238,103,Hank Jackson,69,45,Confirmed
2440,101,Diana Johnson,70,91,Confirmed
2302,105,Grace Brown,23,65,Cancelled
7624,104,Ivy Brown,67,34,Confirmed
9152,101,Ivy Taylor,18,34,Confirmed
3777,104,Diana Johnson,64,8,Confirmed
9931,105,Frank Johnson,21,48,Cancelled
8330,101,Grace Jackson,40,30,Confirmed
2836,104,Hank White,33,21,Cancelled
4403,102,Charlie Thomas,56,85,Cancelled
9587,102,Frank Jackson,37,56,Confirmed
1801,105,Ivy White,31,59,Cancelled
8066,105,Charlie Harris,26,57,Cancelled
7984,103,Eve Jackson,64,44,Confirmed
8799,104,Diana Johnson,60,24,Confirmed
3471,103,Charlie Brown,70,97,Confirmed
8657,102,Grace Brown,64,46,Confirmed
3581,105,Jack Anderson,51,45,Confirmed
6054,102,Jack Brown,34,53,Confirmed
6777,103,Alice Taylor,35,93,Confirmed
5952,104,Frank Thomas,64,53,Confirmed
9014,104,Hank Anderson,54,33,Cancelled
3902,102,Ivy White,40,93,Confirmed
3642,102,Grace Smith,50,100,Cancelled
3428,105,Charlie Brown,66,97,Confirmed
7720,102,Jack Taylor,38,50,Cancelled
2336,103,Diana Thomas,26,98,Confirmed
7335,102,Eve Jackson,28,70,Confirmed
7079,103,Jack Taylor,47,96,Confirmed
2670,104,Hank Brown,30,75,Confirmed
7982,105,Grace Harris,66,8,Confirmed
3200,101,Frank Brown,64,21,Confirmed
2203,103,Eve Harris,53,74,Cancelled
2568,104,Diana Thomas,49,27,Confirmed
4236,104,Diana White,28,56,Cancelled
4706,105,Eve Thomas,33,15,Cancelled
8059,105,Jack Martin,27,9,Confirmed
5443,104,Charlie Brown,58,99,Confirmed
1353,102,Bob Harris,46,94,Cancelled
8859,105,Frank Smith,54,74,Confirmed
8548,101,Hank Thomas,58,47,Cancelled
